index,domain,last_visited_date,last_visited_time
1,0--9.ru,2021-04-10,000341
2,000.lyxhwy.xyz,2021-02-12,001728
3,000180.top,2021-04-09,235205
4,00049ok.com,2021-04-09,235024
5,001998.com.he2.aqb.so,2021-04-09,235225
6,007515.com,2021-04-09,235448
7,007pingtai.www.bbs.global-harbor.com,2021-04-09,235433
8,00dyz.com,2021-04-09,235055
9,00mmp.com,2021-04-10,000133
10,00zfzf.com,2021-04-10,000037
11,0119b3e7ee074560.top,2021-04-09,235756
12,0130.vip,2021-04-09,235517
13,0139be1e7d964b6b.top,2021-04-09,235458
14,018fkd25y4w.xyz,2021-02-05,001529
15,01mmp.com,2021-04-09,235407
16,01zfzf.com,2021-04-09,235051
17,021online.net,2021-04-09,235055
18,023.team,2021-04-09,235445
19,02mmp.com,2021-04-10,000737
20,02zfzf.com,2021-04-09,235045
21,039x8q7ja11.xyz,2021-02-20,012311
22,03mmp.com,2021-04-09,235219
23,03v8u.com,2021-04-09,235129
24,03zfzf.com,2021-04-09,235040
25,04316532.xyz,2021-04-09,235255
26,04mmp.com,2021-04-10,001303
27,04zfzf.com,2021-04-09,235905
28,0521.wang,2021-04-09,235626
29,0593.space,2021-04-09,235949
30,05mmp.com,2021-04-09,235503
31,05zfzf.com,2021-04-09,235705
32,0666k.com,2021-04-10,000158
33,068bm9r3m5q.xyz,2021-02-05,002305
34,06mmp.com,2021-04-09,235602
35,06zfzf.com,2021-04-09,235550
36,071wc0hecpa.xyz,2021-02-05,001707
37,073rm9a8idn.xyz,2021-03-19,001722
38,074h1fhbyrf.xyz,2021-03-12,002951
39,075ilx7a934.xyz,2021-02-26,002309
40,078192.bbs.shikee.com,2021-04-09,235622
41,07mmp.com,2021-04-09,235632
42,07zfzf.com,2021-04-09,235722
43,080fovadz8t.xyz,2021-03-26,001532
44,0857.lovingu1314.com,2021-03-12,002245
45,08b.cn,2021-04-09,235725
46,08mmp.com,2021-04-09,235812
47,08zfzf.com,2021-04-10,000046
48,09du.com,2021-04-09,235823
49,09mmp.com,2021-04-09,235753
50,09zfzf.com,2021-04-09,235753
51,0af5c6efe07b4bba.top,2021-03-26,001850
52,0b0t.net,2021-04-09,235813
53,0b0t.org,2021-03-26,001747
54,0bit.link,2021-02-12,002247
55,0c9b505407d34679.top,2021-04-09,235935
56,0cloud.xyz,2021-03-26,001919
57,0fdab5201f7747d0.top,2021-04-09,235918
58,0fflce-365.com,2021-04-10,000144
59,0jpdx.com,2021-04-09,235928
60,0lzh.com,2021-04-09,235922
61,0tcp.net,2021-04-10,000048
62,0x4f.com,2021-04-10,000120
63,0xb055.com,2021-04-10,000649
64,0zll.com,2021-04-10,000128
65,1-189tais.com,2021-04-10,000234
66,1.amazingcinema.ru,2021-04-10,000740
67,1.qbcx.pro,2021-04-10,000314
68,10000.org,2021-04-10,000422
69,1001200.com,2021-04-10,000437
70,1001600.com,2021-04-10,000311
71,1001sous.ru,2021-03-19,002316
72,10080.xyz,2021-04-10,000530
73,100888.net,2021-04-10,000247
74,100asking.com,2021-04-10,000421
75,100bt.ru,2021-03-19,002300
76,100minutenspel.nl,2021-04-10,000850
77,100tmjc.com,2021-04-10,000625
78,101.lonsunsoft.cn,2021-04-10,000350
79,102.lonsunsoft.cn,2021-04-10,000548
80,1038c3c3e7394d2a.top,2021-04-10,000804
81,108-166-79-25.stsonline.uk.com,2021-04-10,001415
82,1080properties.com,2021-04-10,001240
83,1087753191.ru,2021-04-10,001221
84,10bis.co,2021-04-10,001239
85,10tmjc.com,2021-04-10,001229
86,10zfzf.com,2021-04-10,001410
87,11149ok.com,2021-04-10,001923
88,111tmjc.com,2021-04-10,001515
89,11353792.xyz,2021-04-10,001705
90,1188lqg.xyz,2021-04-10,002120
91,11f.net,2021-04-10,002153
92,11mmp.com,2021-04-10,002435
93,11tmjc.com,2021-04-10,003002
94,11yy.cn,2021-04-10,002310
95,11zfzf.com,2021-04-10,002240
96,11zll.com,2021-04-10,002237
97,120b25e43470044a.cdn.jiashule.com,2021-04-10,002413
98,121996.com.he2.aqb.so,2021-04-10,002555
99,1221f0cdabc54bce.top,2021-04-10,002640
100,123-hp-com-ojp8710.com,2021-04-10,003102
101,1233.club,2021-04-10,002923
102,123456789.dev,2021-02-26,005600
103,123as.best,2021-04-10,003215
104,123love.xyz,2021-03-26,005215
105,123tmjc.com,2021-04-10,002902
106,12boxesayear.com,2021-04-10,003312
107,12tmjc.com,2021-04-10,003153
108,12zfzf.com,2021-04-10,003137
109,1307.net,2021-04-10,003302
110,1333limited.com,2021-04-10,003510
111,13733691154.bokerb.com,2021-04-10,003525
112,139-59-170-66.stsonline.uk.com,2021-04-10,003941
113,13mmp.com,2021-04-10,005023
114,13tmjc.com,2021-04-10,003704
115,13w08n56s.com,2021-04-10,004251
116,13zfzf.com,2021-04-10,003708
117,140705.xyz,2021-04-10,003930
118,1415c82b33d0428e.top,2021-04-10,004139
119,144-76-104-15.stsonline.uk.com,2021-04-10,004655
120,14dff8efa85a43cf.top,2021-04-10,004302
121,14mmp.com,2021-04-10,004215
122,14tmjc.com,2021-04-10,004339
123,14zfzf.com,2021-04-10,004540
124,1562902842.xyz,2021-03-26,011108
125,15minuteseo.com,2021-04-10,004937
126,15mmp.com,2021-04-10,004848
127,15tmjc.com,2021-04-10,005346
128,168.one,2021-04-10,005358
129,1688.expert,2021-04-10,005722
130,1688huo.com,2021-04-10,005132
131,16mmp.com,2021-04-10,005410
132,16tmjc.com,2021-04-10,005313
133,16zfzf.com,2021-04-10,005155
134,17tmjc.com,2021-04-10,011009
135,17zfzf.com,2021-04-10,010649
136,185117545.xyz,2021-04-10,011821
137,18607718012.xyz,2021-04-10,011455
138,18ip.org,2021-04-10,012049
139,18tmjc.com,2021-04-10,012138
140,18zfzf.com,2021-04-10,012102
141,191095211.xyz,2021-04-10,012615
142,192ta.world,2021-02-20,025617
143,1988.black,2021-04-10,012929
144,19911202.xyz,2021-04-10,013016
145,1992.run,2021-04-10,013118
146,19mmp.com,2021-04-10,013142
147,19tmjc.com,2021-04-10,012941
148,19zfzf.com,2021-04-10,013041
149,1b315555a850487a.top,2021-04-10,013522
150,1d6ji.com,2021-04-10,013120
151,1d8a2e249aac4018.top,2021-04-10,013043
152,1ee9e3e9decf3373.cdn.jiashule.com,2021-04-10,013204
153,1f8678eb978a47c4.top,2021-04-10,013329
154,1fb7ae3f0a3f450f.top,2021-04-10,013146
155,1scenter.com,2021-04-10,013702
156,1site.space,2021-04-10,013551
157,1sms.cn,2021-04-10,013352
158,1spot.be,2021-04-10,013430
159,1stranks.com,2021-04-10,013334
160,1stseller.xyz,2021-04-10,013547
161,1tmjc.com,2021-04-10,014012
162,1tmxz.com,2021-04-10,013303
163,1xpermonth.com,2021-04-10,013313
164,2.t2t.top,2021-04-10,013639
165,20070217.xyz,2021-04-10,013727
166,20120722.xyz,2021-04-10,014102
167,20180212.xyz,2021-04-10,014132
168,2020oh.tw.news,2021-04-10,014429
169,205566.com,2021-04-10,014530
170,205artemisbet.com,2021-04-10,014319
171,207060.com,2021-04-10,014559
172,20tmjc.com,2021-04-10,014623
173,20zfzf.com,2021-04-10,014814
174,211zll.com,2021-04-10,014828
175,212-64-151-144.stsonline.uk.com,2021-04-10,014818
176,2172072.com,2021-04-10,015209
177,21tmjc.com,2021-04-10,015746
178,21vb.com,2021-04-10,015349
179,220-ankarax.kisabilgi.com,2021-04-10,015542
180,220-pndk.kisabilgi.com,2021-04-10,015529
181,220-qqee.kisabilgi.com,2021-04-10,015443
182,22113.net,2021-04-10,015629
183,22249ok.com,2021-04-10,015730
184,222pp.com,2021-04-10,015659
185,222tmjc.com,2021-04-10,015743
186,22tmjc.com,2021-04-10,015919
187,234tmjc.com,2021-04-10,020507
188,235107.com,2021-04-10,020432
189,23tmjc.com,2021-04-10,020807
190,24159f5047814903.top,2021-04-10,022731
191,24aae726d57d490c.top,2021-04-10,020740
192,24ihhcorp.com,2021-04-10,020709
193,24mmp.com,2021-04-10,020652
194,24tmjc.com,2021-04-10,020806
195,25010.net,2021-04-10,021000
196,258a9dad5e964144.top,2021-04-10,020950
197,25mmp.com,2021-04-10,021038
198,25satang.com,2021-04-10,020915
199,25tmjc.com,2021-04-10,020942
200,26007550.xyz,2021-04-10,020931
201,261512.com,2021-04-10,021008
202,265095.com,2021-04-10,021023
203,26712681.icu,2021-04-10,020940
204,2688718.xyz,2021-04-10,021913
205,26tmjc.com,2021-04-10,021013
206,27mmp.com,2021-04-10,021240
207,27tmjc.com,2021-04-10,021358
208,28297988.xyz,2021-04-10,021303
209,2886626.xyz,2021-04-10,021401
210,289d.com,2021-04-10,021111
211,28mmp.com,2021-04-10,021506
212,28s.cn,2021-04-10,021252
213,28tmjc.com,2021-04-10,021305
214,29mmp.com,2021-04-10,021449
215,29tmjc.com,2021-04-10,021209
216,2beige.space,2021-04-10,021454
217,2d6d85c27e4581f1.cdn.jiashule.com,2021-04-10,021613
218,2lug1.com,2021-04-10,021736
219,2personsauna.com,2021-04-10,021528
220,2tmjc.com,2021-04-10,021613
221,2urds.com,2021-04-10,021755
222,2xme.com,2021-04-10,021852
223,301.b8bx.com,2021-04-10,021846
224,304065117.xyz,2021-04-10,021820
225,308d92ac13cb4165.top,2021-04-10,021828
226,30tmjc.com,2021-04-10,021756
227,31-tv.com,2021-04-10,022049
228,3101r.space,2021-04-10,021901
229,3196663.xyz,2021-04-10,022032
230,31mmp.com,2021-04-10,022002
231,31qy.com,2021-03-26,024309
232,31tmjc.com,2021-04-10,022659
233,3218.cn,2021-04-10,022136
234,321tmjc.com,2021-04-10,022202
235,323.tokyo,2021-04-10,022348
236,32mmp.com,2021-04-10,022238
237,32tmjc.com,2021-04-10,022855
238,33063306.xyz,2021-04-10,022105
239,333lx.top,2021-04-10,022109
240,333tmjc.com,2021-04-10,022207
241,3344160.com,2021-04-10,022100
242,33mmp.com,2021-04-10,022215
243,33tmjc.com,2021-04-10,022153
244,345tmjc.com,2021-04-10,022222
245,34d050488e89441e.top,2021-04-10,022632
246,34mmp.com,2021-04-10,022410
247,34tmjc.com,2021-04-10,022329
248,35tmjc.com,2021-04-10,022647
249,360photo.info,2021-04-10,022347
250,360ziyuan.com,2021-04-10,022648
251,36mmp.com,2021-04-10,023105
252,36tmjc.com,2021-04-10,024356
253,37mmp.com,2021-04-10,022827
254,37tmjc.com,2021-04-10,022809
255,38mmp.com,2021-04-10,022749
256,38tmjc.com,2021-04-10,025255
257,393463546.xyz,2021-03-19,025140
258,39mmp.com,2021-04-10,023246
259,39tmjc.com,2021-04-10,023059
260,3a1c8241df4c440f.top,2021-03-26,025150
261,3b30985ce8e34ccd.top,2021-04-10,023124
262,3bbploeg.be,2021-04-10,022929
263,3bstore.it,2021-04-10,022821
264,3d19a2c1933e445b.top,2021-04-10,022903
265,3d4o.com,2021-04-10,023113
266,3dsecureservices.com,2021-04-10,022946
267,3e96849b128e4c9b.top,2021-04-10,023125
268,3f3b88556afd48f1.top,2021-04-10,022958
269,3fab19e6f0f74df7.top,2021-04-10,025451
270,3fchn09j.duckdns.org,2021-04-10,023349
271,3gali.ru,2021-03-19,025353
272,3k.sg,2021-04-10,023024
273,3mmm.at,2021-04-10,023401
274,3pe.cn,2021-04-10,023220
275,3prd.org,2021-04-10,023137
276,3thk.com,2021-04-10,024231
277,3tmjc.com,2021-04-10,023234
278,3x00.com,2021-04-10,023327
279,3zhao.cn,2021-04-10,023134
280,3zx.ru,2021-04-10,024323
281,401aretirementplan.com,2021-03-26,030150
282,402ink.com,2021-04-10,023656
283,403bretirementplans.com,2021-04-10,023330
284,404.b8bx.com,2021-04-10,023705
285,40tmjc.com,2021-04-10,023601
286,410000.cn,2021-04-10,023508
287,41mmp.com,2021-04-10,023500
288,41tmjc.com,2021-04-10,023622
289,429c1a0f16504fd1.top,2021-04-10,023842
290,42mmp.com,2021-04-10,024133
291,42tmjc.com,2021-04-10,024023
292,433323.duckdns.org,2021-04-10,023712
293,43mmp.com,2021-04-10,023708
294,43tmjc.com,2021-04-10,023724
295,44449ok.com,2021-04-10,023812
296,444tmjc.com,2021-04-10,023838
297,44tmjc.com,2021-04-10,023901
298,451273.xyz,2021-04-10,024127
299,456tmjc.com,2021-04-10,024301
300,457retirementplans.com,2021-04-10,024216
